{"cameraMode":{"drawMode":0,"name":"Shaded","section":"Shading Mode"},"sceneLighting":true,"audioPlay":false,"sceneViewState":{"m_AlwaysRefresh":false,"showFog":true,"showSkybox":true,"showFlares":true,"showImageEffects":true,"showParticleSystems":true,"showVisualEffectGraphs":true,"m_FxEnabled":true},"in2DMode":false,"pivot":{"x":0.6942775249481201,"y":4.731699466705322,"z":3.4258975982666017},"rotation":{"x":0.17109240591526032,"y":-0.4375307857990265,"z":0.08519241958856583,"w":0.8786687850952148},"size":1.777680516242981,"orthographic":false}